"session_id","title","speaker_name","speaker_title","speaker_company","speaker_country","speaker_id","speaker_match_method","level","language","venue","date","time","description","eligibility","registration_status","photo_url","detail_url","source_url","speaker_source_url","session_format","group_size","duration_description","data_notes","scraped_date","end_time","timezone","schedule_venue","schedule_source_url","schedule_match_method","schedule_speakers","schedule_occurrences"
"01M3S9ZZZ2JXWKETBW6E25XCE6","Meet & Greet with Sara Elkady","Sara Elkady","SVP Highspeed & Intercity, Rolling Stock","Siemens Mobility","Germany","01M3S8ZMW21GP28ZHB9F3JDEHG","photo_url","Intermediate","English & Arabic","Techne Summit Alexandria","2026-10-03","18:00","","Business pass holders and above","Registration is now open","https://technesummit.com/storage/events/2/speakers/01M3S8ZKKCW2V7C68YQ9PG0P3P_1790775905_thumbnail.webp","https://technesummit.com/2026/meet-and-greet/01M3S9ZZZ2JXWKETBW6E25XCE6","https://technesummit.com/2026/meet-and-greet","https://technesummit.com/2026/speakers?page=7","Group","20","15 to 20 minutes tops","","2026-10-04","18:30","EEST","(ALX) Stage 08: Meet & Greet","https://technesummit2026.sched.com/event/2ZCWD/meet-greet-sara-elkady","normalized_title","Sara Elkady","2026-10-03 18:00-18:30 EEST; (ALX) Stage 08: Meet & Greet; https://technesummit2026.sched.com/event/2ZCWD/meet-greet-sara-elkady"
"01M2D9MWKNTC4QK8JTNTHZ3P8H","Meet & Greet with Serdar Yucel","Serdar Yucel","Consultant & Mentor","Seedstars","","01M25Y5XK5MKJSRTVJ1JETVFVQ","photo_url","Intermediate","English","Techne Summit Alexandria","2026-10-04","14:30","","Business pass holders and above","Registration is now open","https://technesummit.com/storage/events/2/speakers/01M25Y5WZ8GA6RQZYS249JZAN3_1789053301_thumbnail.webp","https://technesummit.com/2026/meet-and-greet/01M2D9MWKNTC4QK8JTNTHZ3P8H","https://technesummit.com/2026/meet-and-greet","https://technesummit.com/2026/speakers","Group","20","15 to 20 minutes tops","","2026-10-04","15:00","EEST","(ALX) Stage 08: Meet & Greet","https://technesummit2026.sched.com/event/2P3gR/meet-greet-serdar-yucel","normalized_title","Serdar Yucel","2026-10-04 14:30-15:00 EEST; (ALX) Stage 08: Meet & Greet; https://technesummit2026.sched.com/event/2P3gR/meet-greet-serdar-yucel"
"01M1GXYCY9KRPSF6B4W5H2SS1W","Meet & Greet with Ahmed Raafat","Ahmed Raafat","AI/ML Specialist Solutions Architect Manager","AWS UK & Ireland","United Kingdom","01KWCDXJW3F3FEN8KH6KGPZGC8","photo_url","Intermediate","Arabic & English","Techne Summit Alexandria","2026-10-03","17:00","","Business pass holders and above","Registration is now open","https://technesummit.com/storage/events/2/speakers/01KWCDXEYF141NKYAZSXHAN8Z5_1782828678_thumbnail.webp","https://technesummit.com/2026/meet-and-greet/01M1GXYCY9KRPSF6B4W5H2SS1W","https://technesummit.com/2026/meet-and-greet","https://technesummit.com/2026/speakers?page=3","Group","20","15 to 20 minutes tops","","2026-10-04","17:30","EEST","(ALX) Stage 08: Meet & Greet","https://technesummit2026.sched.com/event/2P2lb/meet-greet-ahmed-raafat","normalized_title","Ahmed Raafat","2026-10-03 17:00-17:30 EEST; (ALX) Stage 08: Meet & Greet; https://technesummit2026.sched.com/event/2P2lb/meet-greet-ahmed-raafat"
"01M322RA4TEDW5ZPV636G8MNPD","Meet & Greet with Alison Cossette","Alison Cossette","CEO & Founder","ClariTrace","United States","01M2Y6KZDNSE4DCJNC07RW97BB","photo_url","Intermediate","English","Techne Summit Alexandria","2026-10-05","14:30","","Business pass holders and above","Registration is now open","https://technesummit.com/storage/events/2/speakers/01M2Y6KYVK5DKNP6JQ3148RP0W_1789867457_thumbnail.webp","https://technesummit.com/2026/meet-and-greet/01M322RA4TEDW5ZPV636G8MNPD","https://technesummit.com/2026/meet-and-greet","https://technesummit.com/2026/speakers?page=5","Group","20","15 to 20 minutes tops","","2026-10-04","15:00","EEST","(ALX) Stage 08: Meet & Greet","https://technesummit2026.sched.com/event/2P3gz/meet-greet-alisson-cossette","similar_title_and_exact_speaker","Alison Cossette","2026-10-05 14:30-15:00 EEST; (ALX) Stage 08: Meet & Greet; https://technesummit2026.sched.com/event/2P3gz/meet-greet-alisson-cossette"
"01M1GY19DMNHHG4W9AA1JDQ1HX","Meet & Greet with Medhat Yassin","Medhat Yassin","Executive Vice Chairman","Mori International","Egypt","01K94T3HB6JBPDDB14QTPD1PDE","photo_url","Intermediate","Arabic & English","Techne Summit Alexandria","2026-10-05","16:30","","Business pass holders and above","Registration is now open","https://technesummit.com/storage/events/2/speakers/1762171929_01K94T3HB7ARJ4GR3958HDDJY7_thumbnail.webp","https://technesummit.com/2026/meet-and-greet/01M1GY19DMNHHG4W9AA1JDQ1HX","https://technesummit.com/2026/meet-and-greet","https://technesummit.com/2026/speakers?page=3","Group","20","15 to 20 minutes tops","","2026-10-04","17:00","EEST","(ALX) Stage 08: Meet & Greet","https://technesummit2026.sched.com/event/2P3h7/meet-greet-medhat-yassin","normalized_title","Medhat Yassin","2026-10-05 16:30-17:00 EEST; (ALX) Stage 08: Meet & Greet; https://technesummit2026.sched.com/event/2P3h7/meet-greet-medhat-yassin"
"01M1GY605VX6CC2D5MF742B6XQ","Meet & Greet with Mohamed Khedr","Mohamed Khedr","Consultant","خضر وبزنس","Egypt","01K94T3HJXFPT4FJ61Q6YWRAD1","photo_url","Intermediate","Arabic & English","Techne Summit Alexandria","2026-10-04","15:30","","Business pass holders and above","Registration is now open","https://technesummit.com/storage/events/2/speakers/1762171930_01K94T3HNN5G7ADNPP77JK43MC_thumbnail.webp","https://technesummit.com/2026/meet-and-greet/01M1GY605VX6CC2D5MF742B6XQ","https://technesummit.com/2026/meet-and-greet","https://technesummit.com/2026/speakers?page=2","Group","20","15 to 20 minutes tops","","2026-10-04","16:00","EEST","(ALX) Stage 08: Meet & Greet","https://technesummit2026.sched.com/event/2P3gS/meet-greet-mohamed-khedr","normalized_title","Mohamed Khedr","2026-10-04 15:30-16:00 EEST; (ALX) Stage 08: Meet & Greet; https://technesummit2026.sched.com/event/2P3gS/meet-greet-mohamed-khedr"
"01M1GY9Z8KQDKHEJTRKARRWSKR","Meet & Greet with Said Baaghil","Said Baaghil","The Brand Scientist","The Baaghil","Turkey","01K94T3JNKJPP5FE8VWQWVNQTF","photo_url","Intermediate","Arabic & English","Techne Summit Alexandria","2026-10-03","16:00","","Business pass holders and above","Registration is now open","https://technesummit.com/storage/events/2/speakers/1762171931_01K94T3JNM3MG51CXZC6VY6997_thumbnail.webp","https://technesummit.com/2026/meet-and-greet/01M1GY9Z8KQDKHEJTRKARRWSKR","https://technesummit.com/2026/meet-and-greet","https://technesummit.com/2026/speakers","Group","20","15 to 20 minutes tops","","2026-10-04","16:30","EEST","(ALX) Stage 08: Meet & Greet","https://technesummit2026.sched.com/event/2P2kR/meet-greet-said-baaghil","normalized_title","Said Baaghil","2026-10-03 16:00-16:30 EEST; (ALX) Stage 08: Meet & Greet; https://technesummit2026.sched.com/event/2P2kR/meet-greet-said-baaghil"
"01M1GYMSRKZTKTN5APV3YZCK03","Meet & Greet with Salah Abou El Magd","Salah Abou El Magd","CEO","ACTA","","01KXNBRKG922Z7AX42KFH6EC52","photo_url","Intermediate","Arabic & English","Techne Summit Alexandria","2026-10-05","17:30","","Business pass holders and above","Registration is now open","https://technesummit.com/storage/events/2/speakers/01KXNBRKADDRYB2BD876ECD8HD_1784202153_thumbnail.webp","https://technesummit.com/2026/meet-and-greet/01M1GYMSRKZTKTN5APV3YZCK03","https://technesummit.com/2026/meet-and-greet","https://technesummit.com/2026/speakers","Group","20","15 to 20 minutes tops","","2026-10-04","18:00","EEST","(ALX) Stage 08: Meet & Greet","https://technesummit2026.sched.com/event/2P3h1/meet-greet-salah-abou-el-magd","normalized_title","Salah Abou El Magd","2026-10-05 17:30-18:00 EEST; (ALX) Stage 08: Meet & Greet; https://technesummit2026.sched.com/event/2P3h1/meet-greet-salah-abou-el-magd"
"01M1GYYQX0KDRQ9WBV096CDM3F","Meet & Greet with Basem Elewa","Basem Elewa","Shariah Auditor & Corporate Zakat Accountant","Shariah Audit","Egypt","01K94T3JSAPSKDTBXFA455HH17","photo_url","Intermediate","Arabic & English","Techne Summit Alexandria","2026-10-04","17:30","","Business pass holders and above","Registration is now open","https://technesummit.com/storage/events/2/speakers/01KXDQB5QREG25Q3FBE7DCGDX4_1783945860_thumbnail.webp","https://technesummit.com/2026/meet-and-greet/01M1GYYQX0KDRQ9WBV096CDM3F","https://technesummit.com/2026/meet-and-greet","https://technesummit.com/2026/speakers","Group","20","15 to 20 minutes tops","","2026-10-04","18:00","EEST","(ALX) Stage 08: Meet & Greet","https://technesummit2026.sched.com/event/2P3gm/meet-greet-basem-elewa","normalized_title","Basem Elewa","2026-10-04 17:30-18:00 EEST; (ALX) Stage 08: Meet & Greet; https://technesummit2026.sched.com/event/2P3gm/meet-greet-basem-elewa"
"01M1GZAKDBXBADYKAWWQ8N9DXK","Meet & Greet with Mohamed Shehab Eldin","Mohamed Shehab Eldin","CEO & Founder","RESOLVE Consulting","","01K94T3H6MP3VGHW78KV57M4RV","photo_url","Intermediate","Arabic & English","Techne Summit Alexandria","2026-10-04","16:30","","Business pass holders and above","Registration is now open","https://avatars.sched.co/d/6d/21610186/avatar.jpg.320x320px.jpg?6ae","https://technesummit.com/2026/meet-and-greet/01M1GZAKDBXBADYKAWWQ8N9DXK","https://technesummit.com/2026/meet-and-greet","https://technesummit.com/2026/speakers?page=3","Group","20","15 to 20 minutes tops","","2026-10-04","17:00","EEST","(ALX) Stage 08: Meet & Greet","https://technesummit2026.sched.com/event/2P3gj/meet-greet-mohamed-shehab-el-din","normalized_title","Mohamed Shehab El-Din","2026-10-04 16:30-17:00 EEST; (ALX) Stage 08: Meet & Greet; https://technesummit2026.sched.com/event/2P3gj/meet-greet-mohamed-shehab-el-din"
"01M2D9BNJ62RZKF5K01HD0KK3H","Meet & Greet with Tarek Nasr","Tarek Nasr","Founder & CEO","ThePlanet Studios","Egypt","01M11RW9JASPEWNYJCNV26406Q","photo_url","Intermediate","Arabic & English","Techne Summit Alexandria","2026-10-03","15:00","","Business pass holders and above","Registration is now open","https://technesummit.com/storage/events/2/speakers/01M11RW975TJM6V8EECKCYPRXF_1787839784_thumbnail.webp","https://technesummit.com/2026/meet-and-greet/01M2D9BNJ62RZKF5K01HD0KK3H","https://technesummit.com/2026/meet-and-greet","https://technesummit.com/2026/speakers?page=4","Group","20","15 to 20 minutes tops","","2026-10-04","15:30","EEST","(ALX) Stage 08: Meet & Greet","https://technesummit2026.sched.com/event/2P2kI/meet-greet-tarek-nasr","normalized_title","Tarek Nasr","2026-10-03 15:00-15:30 EEST; (ALX) Stage 08: Meet & Greet; https://technesummit2026.sched.com/event/2P2kI/meet-greet-tarek-nasr"
"01M322G4AJ3PCBM7W1ZEBRZ2YC","Meet & Greet with Mostafa Gabr","Mostafa Gabr","Founder","Be Productive Training & Consulting","","01K94T3H7B1PCT9R6PWSKVTBEY","photo_url","Intermediate","Arabic & English","Techne Summit Alexandria","2026-10-05","13:30","","Business pass holders and above","Registration is now open","https://technesummit.com/storage/events/2/speakers/01M2MME8NKSAJJFJF7XDH5PVF2_1789546406_thumbnail.webp","https://technesummit.com/2026/meet-and-greet/01M322G4AJ3PCBM7W1ZEBRZ2YC","https://technesummit.com/2026/meet-and-greet","https://technesummit.com/2026/speakers?page=5","Group","20","15 to 20 minutes tops","","2026-10-04","14:00","EEST","(ALX) Stage 08: Meet & Greet","https://technesummit2026.sched.com/event/2P3gt/meet-greet-mostafa-gabr","normalized_title","Mostafa Gabr","2026-10-05 13:30-14:00 EEST; (ALX) Stage 08: Meet & Greet; https://technesummit2026.sched.com/event/2P3gt/meet-greet-mostafa-gabr"
"01M39FKAH2BVSN9FCZT7CMFPS9","Meet & Greet with Sherif Gamal","Sherif Gamal","Plastic Surgeon & Social media Influencer","","Egypt","01M39BDC3VBPYRKWKW3VHSBBK7","photo_url","Intermediate","Arabic & English","Techne Summit Alexandria","2026-10-03","14:00","","Business pass holders and above","Registration is now open","https://technesummit.com/storage/events/2/speakers/01M39BDAZPZT4BJG5WFP49GS7V_1790241582_thumbnail.webp","https://technesummit.com/2026/meet-and-greet/01M39FKAH2BVSN9FCZT7CMFPS9","https://technesummit.com/2026/meet-and-greet","https://technesummit.com/2026/speakers?page=6","Group","20","15 to 20 minutes tops","","2026-10-04","14:30","EEST","(ALX) Stage 08: Meet & Greet","https://technesummit2026.sched.com/event/2P2jx/meet-greet-sherif-gamal","normalized_title","Sherif Gamal","2026-10-03 14:00-14:30 EEST; (ALX) Stage 08: Meet & Greet; https://technesummit2026.sched.com/event/2P2jx/meet-greet-sherif-gamal"
"01M39FYC6MQQNK1BADVDF80JFC","Meet & Greet with Zeyad Elhadary","Zeyad Elhadary","Founder","naydin and the better concept","Egypt","01M39BJ5J4933TWXF7TV5HNTX9","photo_url","Intermediate","Arabic & English","Techne Summit Alexandria","2026-10-03","19:00","","Business pass holders and above","Registration is now open","https://technesummit.com/storage/events/2/speakers/01M39BJ43SCT7V2QQ7B4CNR1GE_1790241738_thumbnail.webp","https://technesummit.com/2026/meet-and-greet/01M39FYC6MQQNK1BADVDF80JFC","https://technesummit.com/2026/meet-and-greet","https://technesummit.com/2026/speakers?page=6","Group","20","15 to 20 minutes tops","","2026-10-04","19:30","EEST","(ALX) Stage 08: Meet & Greet","https://technesummit2026.sched.com/event/2XWjm/meet-greet-zeyad-elhadary","normalized_title","Zeyad Elhadary","2026-10-03 19:00-19:30 EEST; (ALX) Stage 08: Meet & Greet; https://technesummit2026.sched.com/event/2XWjm/meet-greet-zeyad-elhadary"
"01M39GS7H1727ZQNYWFJV9K5CZ","Meet & Greet with Balsam Alayoub","Balsam Alayoub","Artist and fashion Designer AI coach","","Kuwait","01M37H6QKR3Q519RG21GTZH891","photo_url","Intermediate","Arabic & English","Techne Summit Alexandria","","","","Business pass holders and above","Registration is now open","https://technesummit.com/storage/events/2/speakers/01M37H6PDMKF1SSTDMTYW2B584_1790180546_thumbnail.webp","https://technesummit.com/2026/meet-and-greet/01M39GS7H1727ZQNYWFJV9K5CZ","https://technesummit.com/2026/meet-and-greet","https://technesummit.com/2026/speakers?page=7","Group","20","15 to 20 minutes tops","Multiple agenda occurrences; listing does not specify which one. See schedule_occurrences.","2026-10-04","","","","","","","2026-10-03 13:00-13:30 EEST; (ALX) Stage 08: Meet & Greet; https://technesummit2026.sched.com/event/2P2ln/meet-greet-balsam-alayoub | 2026-10-04 13:30-14:00 EEST; (ALX) Stage 08: Meet & Greet; https://technesummit2026.sched.com/event/2P3gM/meet-greet-balsam-alayoub"
